driverId,name,ssn,location,certified,wage-plan
10,George Vetticaden,621011971,244-4532 Nulla Rd.,N,miles
11,Jamie Engesser,262112338,366-4125 Ac Street,N,miles
12,Paul Coddin,198041975,Ap #622-957 Risus. Street,Y,hours
13,Joe Niemiec,139907145,2071 Hendrerit. Ave,Y,hours
14,Adis Cesir,820812209,Ap #810-1228 In St.,Y,hours
15,Rohit Bakshi,239005227,648-5681 Dui- Rd.,Y,hours
16,Tom McCuch,363303105,P.O. Box 313- 962 Parturient Rd.,Y,hours
17,Eric Mizell,123808238,P.O. Box 579- 2191 Gravida. Street,Y,hours
18,Grant Liu,171010151,Ap #928-3159 Vestibulum Av.,Y,hours
19,Ajay Singh,160005158,592-9430 Nonummy Avenue,Y,hours
20,Chris Harris,921812303,883-2691 Proin Avenue,Y,hours
21,Jeff Markham,209408086,Ap #852-7966 Facilisis St.,Y,hours
22,Nadeem Asghar,783204269,154-9147 Aliquam Ave,Y,hours
23,Adam Diaz,928312208,P.O. Box 260- 6127 Vitae Road,Y,hours
24,Don Hilborn,254412152,4361 Ac Road,Y,hours
25,Jean-Philippe Playe,913310051,P.O. Box 812- 6238 Ac Rd.,Y,hours
26,Michael Aube,124705141,P.O. Box 213- 8948 Nec Ave,Y,hours
27,Mark Lochbihler,392603159,8355 Ipsum St.,Y,hours
28,Olivier Renault,959908181,P.O. Box 243- 6509 Erat. Avenue,Y,hours
29,Teddy Choi,185502192,P.O. Box 106- 7003 Amet Rd.,Y,hours
30,Dan Rice,282307061,Ap #881-9267 Mollis Avenue,Y,hours
31,Rommel Garcia,858912101,P.O. Box 945- 6015 Sociis St.,Y,hours
32,Ryan Templeton,290304287,765-6599 Egestas. Av.,Y,hours
33,Sridhara Sabbella,967409015,Ap #477-2507 Sagittis Avenue,Y,hours
34,Frank Romano,391407216,Ap #753-6814 Quis Ave,Y,hours
35,Emil Siemes,971401151,321-2976 Felis Rd.,Y,hours
36,Andrew Grande,245303216,Ap #685-9598 Egestas Rd.,Y,hours
37,Wes Floyd,190504074,P.O. Box 269- 9611 Nulla Street,Y,hours
38,Scott Shaw,386411175,276 Lobortis Road,Y,hours
39,David Kaiser,967706052,9185 At Street,Y,hours
40,Nicolas Maillard,208510217,1027 Quis Rd.,Y,hours
41,Greg Phillips,308103116,P.O. Box 847- 5961 Arcu. Road,Y,hours
42,Randy Gelhausen,853302254,145-4200 In- Avenue,Y,hours
43,Dave Patton,977706052,3028 A- St.,Y,hours
44,Michael Aube,604212175.4,4362 Ac Road,Y,hours
45,Mark Lochbihler,606825124.4,P.O. Box 812- 6238 Ac Rd.,Y,hours
46,Olivier Renault,609438073.3,P.O. Box 213- 8948 Nec Ave,Y,hours
47,Teddy Choi,612051022.3,8356 Ipsum St.,Y,hours
48,Dan Rice,614663971.2,P.O. Box 243- 6509 Erat. Avenue,Y,hours
49,Rommel Garcia,617276920.2,P.O. Box 106- 7003 Amet Rd.,Y,hours
50,Ryan Templeton,619889869.1,Ap #881-9267 Mollis Avenue,Y,hours
51,Sridhara Sabbella,622502818.1,P.O. Box 945- 6015 Sociis St.,Y,hours
52,Frank Romano,625115767,765-6599 Egestas. Av.,Y,hours
53,Emil Siemes,627728716,Ap #477-2507 Sagittis Avenue,Y,hours
54,Andrew Grande,630341664.9,Ap #753-6814 Quis Ave,Y,hours
55,Wes Floyd,632954613.9,321-2976 Felis Rd.,Y,hours
56,Scott Shaw,635567562.8,Ap #685-9598 Egestas Rd.,Y,hours
57,David Kaiser,638180511.8,P.O. Box 269- 9611 Nulla Street,Y,hours
58,Nicolas Maillard,640793460.7,277 Lobortis Road,Y,hours
59,Greg Phillips,643406409.7,9186 At Street,Y,hours
60,Randy Gelhausen,646019358.6,1028 Quis Rd.,Y,hours
61,Dave Patton,648632307.6,P.O. Box 847- 5961 Arcu. Road,Y,hours
62,Michael Aube,651245256.5,145-4200 In- Avenue,Y,hours
63,Mark Lochbihler,653858205.5,3029 A- St.,Y,hours
64,Olivier Renault,656471154.4,4363 Ac Road,Y,hours
65,Teddy Choi,659084103.4,P.O. Box 812- 6238 Ac Rd.,Y,hours
66,Dan Rice,661697052.3,P.O. Box 213- 8948 Nec Ave,Y,hours
67,Rommel Garcia,664310001.3,8357 Ipsum St.,Y,hours
68,Ryan Templeton,666922950.2,P.O. Box 243- 6509 Erat. Avenue,Y,hours
69,Sridhara Sabbella,669535899.2,P.O. Box 106- 7003 Amet Rd.,Y,hours
70,Frank Romano,672148848.1,Ap #881-9267 Mollis Avenue,Y,hours
71,Emil Siemes,674761797.1,P.O. Box 945- 6015 Sociis St.,Y,hours
72,Andrew Grande,677374746,765-6599 Egestas. Av.,Y,hours
73,Wes Floyd,679987695,Ap #477-2507 Sagittis Avenue,Y,hours
74,Scott Shaw,682600643.9,Ap #753-6814 Quis Ave,Y,hours
75,David Kaiser,685213592.9,321-2976 Felis Rd.,Y,hours
76,Nicolas Maillard,687826541.8,Ap #685-9598 Egestas Rd.,Y,hours
77,Greg Phillips,690439490.8,P.O. Box 269- 9611 Nulla Street,Y,hours
78,Randy Gelhausen,693052439.7,278 Lobortis Road,Y,hours
79,Dave Patton,695665388.7,9187 At Street,Y,hours
80,Michael Aube,698278337.6,1029 Quis Rd.,Y,hours
81,Mark Lochbihler,700891286.6,P.O. Box 847- 5961 Arcu. Road,Y,hours
82,Olivier Renault,703504235.5,145-4200 In- Avenue,Y,hours
83,Teddy Choi,706117184.5,3030 A- St.,Y,hours
84,Dan Rice,708730133.4,4364 Ac Road,Y,hours
85,Rommel Garcia,711343082.4,P.O. Box 812- 6238 Ac Rd.,Y,hours
86,Ryan Templeton,713956031.3,P.O. Box 213- 8948 Nec Ave,Y,hours
87,Sridhara Sabbella,716568980.3,8358 Ipsum St.,Y,hours
88,Frank Romano,719181929.2,P.O. Box 243- 6509 Erat. Avenue,Y,hours
89,Emil Siemes,721794878.2,P.O. Box 106- 7003 Amet Rd.,Y,hours
90,Andrew Grande,724407827.1,Ap #881-9267 Mollis Avenue,Y,hours
91,Wes Floyd,727020776.1,P.O. Box 945- 6015 Sociis St.,Y,hours
92,Scott Shaw,729633725,765-6599 Egestas. Av.,Y,hours
93,David Kaiser,732246674,Ap #477-2507 Sagittis Avenue,Y,hours
94,Nicolas Maillard,734859623,Ap #753-6814 Quis Ave,Y,hours
95,Greg Phillips,737472571.9,321-2976 Felis Rd.,Y,hours
96,Randy Gelhausen,740085520.9,Ap #685-9598 Egestas Rd.,Y,hours
97,Dave Patton,742698469.8,P.O. Box 269- 9611 Nulla Street,Y,hours
98,Michael Aube,745311418.8,279 Lobortis Road,Y,hours
99,Mark Lochbihler,747924367.7,9188 At Street,Y,hours
100,Olivier Renault,750537316.7,1030 Quis Rd.,Y,hours
101,Teddy Choi,753150265.6,P.O. Box 847- 5961 Arcu. Road,Y,hours
102,Dan Rice,755763214.6,145-4200 In- Avenue,Y,hours
103,Rommel Garcia,758376163.5,3031 A- St.,Y,hours
104,Ryan Templeton,760989112.5,4365 Ac Road,Y,hours
105,Sridhara Sabbella,763602061.4,P.O. Box 812- 6238 Ac Rd.,Y,hours
106,Frank Romano,766215010.4,P.O. Box 213- 8948 Nec Ave,Y,hours
107,Emil Siemes,768827959.3,8359 Ipsum St.,Y,hours
108,Andrew Grande,771440908.3,P.O. Box 243- 6509 Erat. Avenue,Y,hours
109,Wes Floyd,774053857.2,P.O. Box 106- 7003 Amet Rd.,Y,hours
110,Scott Shaw,776666806.2,Ap #881-9267 Mollis Avenue,Y,hours
111,David Kaiser,779279755.1,P.O. Box 945- 6015 Sociis St.,Y,hours
112,Nicolas Maillard,781892704.1,765-6599 Egestas. Av.,Y,hours
113,Greg Phillips,784505653,Ap #477-2507 Sagittis Avenue,Y,hours
114,Randy Gelhausen,787118602,Ap #753-6814 Quis Ave,Y,hours
115,Dave Patton,789731550.9,321-2976 Felis Rd.,Y,hours
116,,,,,
117,,,,,
118,,,,,
